Name,Date,East,North,Elev,H disp,H error (with 1 cm tilt allowance),V disp,net disp,net disp/month,cum net disp
Peg 1,18/12/2019,1844611.194,5596719.543,438.87606,0.051870228,0.023784,-0.024043,0.057171552,0.004074295,0.570858738
Peg 1,9/10/2018,1844611.215,5596719.59,438.900103,0.074110179,0.021742,-0.016292,0.075879825,0.012001401,0.513687186
Peg 1,27/03/2018,1844611.252,5596719.655,438.916395,0.056076412,0.031879,-0.040261,0.069032689,0.012814451,0.43780736
Peg 1,11/10/2017,1844611.295,5596719.691,438.956656,0.032971407,0.027402,-0.064597,0.072525072,0.02161805,0.368774672
Peg 1,29/06/2017,1844611.306,5596719.722,439.021253,0.019455677,0.03405,0.044392,0.048468268,0.014876399,0.2962496
Peg 1,20/03/2017,1844611.322,5596719.734,438.976861,0.024749582,0.033176,0.009783,0.026612946,0.008593764,0.247781332
Peg 1,14/12/2016,1844611.305,5596719.752,438.967078,0.042207992,0.033257,-0.015409,0.044932748,0.026786831,0.221168386
Peg 1,23/10/2016,1844611.33,5596719.786,438.982487,0.039365372,0.02817,-0.019464,0.04391446,0.013089887,0.176235638
Peg 1,11/07/2016,1844611.362,5596719.808,439.001951,0.038993634,0.028059,0.00267225,0.039085092,0.010445154,0.132321178
Peg 1,17/03/2016,1844611.39,5596719.836,438.9992788,0.030154144,0.023698,-0.0392935,0.049530309,0.015202372,0.093236086
Peg 1,7/12/2015,1844611.361,5596719.844,439.0385723,0.03934701,0.017,0.0190265,0.043705776,0.019924692,0.043705776
Peg 1,30/09/2015,1844611.364,5596719.805,439.0195458,,,,,,
Peg 2,18/12/2019,1844327.035,5596603.103,430.35042,0.029896062,0.026347,-0.009123,0.031257057,0.002227514,0.572168448
Peg 2,9/10/2018,1844327.038,5596603.133,430.359543,0.084806516,0.029463,-0.044139,0.095605421,0.015121266,0.540911391
Peg 2,27/03/2018,1844327.084,5596603.205,430.403682,0.016798052,0.033222,-0.03757,0.041154337,0.007639428,0.44530597
Peg 2,11/10/2017,1844327.089,5596603.221,430.441252,0.038343685,0.024635,-0.045769,0.059707952,0.017797563,0.404151633
Peg 2,29/06/2017,1844327.106,5596603.255,430.487021,0.045022764,0.053945,0.041283,0.061084657,0.018748756,0.344443681
Peg 2,20/03/2017,1844327.139,5596603.285,430.445738,0.026058709,0.042608,0.00539,0.026610306,0.008592911,0.283359024
Peg 2,14/12/2016,1844327.118,5596603.27,430.440348,0.036037872,0.024668,-0.008081,0.036932787,0.022017623,0.256748718
Peg 2,23/10/2016,1844327.135,5596603.302,430.448429,0.038765555,0.040056,-0.015266,0.041663161,0.012418827,0.219815931
Peg 2,11/07/2016,1844327.17,5596603.318,430.463695,0.043712081,0.030275,-0.00709175,0.04428362,0.011834416,0.178152769
Peg 2,17/03/2016,1844327.2,5596603.35,430.4707868,0.047868713,0.023031,-0.0297855,0.056378983,0.01730444,0.13386915
Peg 2,7/12/2015,1844327.153,5596603.341,430.5005723,0.043525662,0.019,0.0230265,0.049241273,0.022448227,0.077490167
Peg 2,30/09/2015,1844327.177,5596603.305,430.4775458,0.022561029,0.018,-0.017,0.028248894,0.009839503,0.028248894
Peg 2,3/07/2015,1844327.182,5596603.327,430.4945458,,,,,,
Peg 3,18/12/2019,1844275.724,5596482.777,434.641079,0.041665993,0.025562,0.003864,0.041844778,0.002982042,0.50193679
Peg 3,9/10/2018,1844275.713,5596482.818,434.637215,,,,,,0.460092012
Peg 3,27/03/2018,0,0,0,,,,,,0.460092012
Peg 3,11/10/2017,1844275.763,5596482.905,434.673905,0.055248063,0.024273,-0.068612,0.088090607,0.026257777,0.460092012
Peg 3,29/06/2017,1844275.775,5596482.959,434.742517,0.033025692,0.028098,0.082412,0.088783073,0.02725025,0.372001406
Peg 3,20/03/2017,1844275.808,5596482.957,434.660105,0.015392565,0.031077,-0.031706,0.035244879,0.011381159,0.283218332
Peg 3,14/12/2016,1844275.808,5596482.972,434.691811,0.040758995,0.024565,0.010355,0.042053795,0.025070532,0.247973453
Peg 3,23/10/2016,1844275.788,5596483.008,434.681456,0.053963358,0.031421,-0.007703,0.054510368,0.016248283,0.205919658
Peg 3,11/07/2016,1844275.829,5596483.042,434.689159,0.046534642,0.034246,0.00980325,0.047556037,0.012708941,0.15140929
Peg 3,17/03/2016,1844275.864,5596483.074,434.6793558,0.035810152,0.025852,-0.0522165,0.063316111,0.019433658,0.103853253
Peg 3,7/12/2015,1844275.83,5596483.062,434.7315723,0.018583628,0.015,0.0360265,0.040537143,0.018480168,0.040537143
Peg 3,30/09/2015,1844275.846,5596483.053,434.6955458,,,,,,0
Peg 3,3/07/2015,0,0,0,,,,,,
Peg 4,18/12/2019,1844444.356,5596428.746,421.83189,0.072187918,0.019676,0.002934,0.072247518,0.005148674,0.683043409
Peg 4,9/10/2018,1844444.366,5596428.817,421.828956,0.10161971,0.024307,-0.025434,0.104754254,0.016568275,0.61079589
Peg 4,27/03/2018,1844444.413,5596428.907,421.85439,0.035960072,0.027245,-0.038958,0.053017474,0.009841567,0.506041636
Peg 4,11/10/2017,1844444.4,5596428.941,421.893348,0.087383901,0.057322,-0.042577,0.097204666,0.028974468,0.453024162
Peg 4,29/06/2017,1844444.402,5596429.028,421.935925,0.05073334,0.031106,0.055803,0.075417814,0.023148042,0.355819496
Peg 4,20/03/2017,1844444.449,5596429.047,421.880122,0.003863351,0.025267,-0.020647,0.021005335,0.006782973,0.280401682
Peg 4,14/12/2016,1844444.447,5596429.05,421.900769,0.043678531,0.03961,0.026617,0.051149573,0.030493015,0.259396347
Peg 4,23/10/2016,1844444.434,5596429.092,421.874152,0.064160343,0.034242,-0.008003,0.064657541,0.019272921,0.208246775
Peg 4,11/07/2016,1844444.436,5596429.156,421.882155,0.020776309,0.028146,-0.01050775,0.02328235,0.006222007,0.143589233
Peg 4,17/03/2016,1844444.451,5596429.17,421.8926628,0.012064544,0.022059,-0.0239095,0.026780915,0.008219885,0.120306883
Peg 4,7/12/2015,1844444.457,5596429.18,421.9165723,0.021744958,0.018,0.0160265,0.02701281,0.012314664,0.093525968
Peg 4,30/09/2015,1844444.445,5596429.162,421.9005458,0.066483081,0.016,-0.002,0.066513157,0.023167504,0.066513157
Peg 4,3/07/2015,1844444.469,5596429.224,421.9025458,,,,,,
Peg 5,18/12/2019,1844577.583,5596364.12,414.539135,0.179247432,0.02131,-0.043924,0.184550697,0.013151889,1.027064643
Peg 5,9/10/2018,1844577.588,5596364.3,414.583059,0.164932103,0.025518,-0.022324,0.166436053,0.02632407,0.842513947
Peg 5,27/03/2018,1844577.6,5596364.464,414.605383,0.07500293,0.027942,-0.032956,0.081923974,0.015207444,0.676077894
Peg 5,11/10/2017,1844577.619,5596364.537,414.638339,0.087925313,0.026855,-0.055969,0.104227586,0.031067838,0.59415392
Peg 5,29/06/2017,1844577.627,5596364.624,414.694308,0.071037918,0.036639,0.039029,0.081053369,0.024877767,0.489926334
Peg 5,20/03/2017,1844577.676,5596364.676,414.655279,0.031432075,0.031472,0.003642,0.031642369,0.010217848,0.408872965
Peg 5,14/12/2016,1844577.646,5596364.685,414.651637,0.066678085,0.026218,-0.000579,0.066680599,0.039751896,0.377230596
Peg 5,23/10/2016,1844577.666,5596364.749,414.652216,0.095569416,0.037588,-0.004959,0.095697989,0.028525362,0.310549997
Peg 5,11/07/2016,1844577.662,5596364.844,414.657175,0.070807499,0.02826,-0.04482875,0.083805243,0.022396229,0.214852008
Peg 5,17/03/2016,1844577.71,5596364.896,414.7020038,0.034076648,0.024363,-0.0235685,0.041432984,0.012717054,0.131046765
Peg 5,7/12/2015,1844577.678,5596364.905,414.7255723,0.003336352,0.016,0.0180265,0.018332647,0.00835753,0.089613782
Peg 5,30/09/2015,1844577.677,5596364.902,414.7075458,0.070830785,0.017,-0.008,0.071281135,0.02482826,0.071281135
Peg 5,3/07/2015,1844577.693,5596364.971,414.7155458,,,,,,
Peg 6,18/12/2019,1844789.065,5596419.657,421.313165,0.088575859,0.021861,-0.037911,0.096347946,0.006866175,0.864869406
Peg 6,9/10/2018,1844789.104,5596419.737,421.351076,0.134541534,0.026388,-0.022401,0.136393656,0.021572466,0.768521459
Peg 6,27/03/2018,1844789.15,5596419.863,421.373477,0.047642077,0.034677,-0.11169,0.121426618,0.02254027,0.632127804
Peg 6,11/10/2017,1844789.166,5596419.908,421.485167,0.055086453,0.022711,0.025372,0.060648625,0.018077955,0.510701186
Peg 6,29/06/2017,1844789.188,5596419.959,421.459795,0.055582561,0.045107,0.035837,0.066134043,0.020298568,0.450052561
Peg 6,20/03/2017,1844789.218,5596420.005,421.423958,0.013067733,0.027666,0.005256,0.014085141,0.004548327,0.383918518
Peg 6,14/12/2016,1844789.205,5596420.002,421.418702,0.043488224,0.023645,-0.000273,0.043489081,0.025926183,0.369833377
Peg 6,23/10/2016,1844789.227,5596420.039,421.418975,0.082844532,0.034242,-0.007387,0.083173219,0.024792017,0.326344296
Peg 6,11/07/2016,1844789.252,5596420.118,421.426362,0.039495406,0.04624,-0.02788675,0.048348298,0.012920666,0.243171078
Peg 6,17/03/2016,1844789.265,5596420.155,421.4542488,0.0392202,0.025815,-0.0013235,0.039242524,0.012044735,0.19482278
Peg 6,7/12/2015,1844789.238,5596420.183,421.4555723,0.064266938,0.019,0.0340265,0.072718924,0.033151274,0.155580255
Peg 6,30/09/2015,1844789.269,5596420.127,421.4215458,0.077620875,0.019,-0.029,0.082861331,0.028861812,0.082861331
Peg 6,3/07/2015,1844789.289,5596420.202,421.4505458,,,,,,
Peg 7,18/12/2019,1844897.303,5596315.271,399.038813,0.052437027,0.022631,-0.001882,0.052470789,0.003739298,1.659853407
Peg 7,9/10/2018,1844897.317,5596315.322,399.040695,0.090786883,0.026872,-0.023825,0.093861008,0.014845363,1.607382618
Peg 7,27/03/2018,1844897.332,5596315.411,399.06452,0.038027747,0.030286,-0.027248,0.04678208,0.008684099,1.51352161
Peg 7,11/10/2017,1844897.351,5596315.444,399.091768,0.034442069,0.028762,-0.046492,0.05785985,0.017246686,1.46673953
Peg 7,29/06/2017,1844897.351,5596315.478,399.13826,0.035627375,0.035731,0.059939,0.069727997,0.021401663,1.40887968
Peg 7,20/03/2017,1844897.381,5596315.498,399.078321,0.027341242,0.031949,-0.00572,0.027933168,0.009020086,1.339151683
Peg 7,14/12/2016,1844897.381,5596315.525,399.084041,0.039368877,0.026006,-0.017715,0.043170936,0.02573652,1.311218515
Peg 7,23/10/2016,1844897.39,5596315.563,399.101756,0.039629487,0.042099,0.005283,0.039980074,0.011917137,1.268047579
Peg 7,11/07/2016,1844897.413,5596315.596,399.096473,0.033387178,0.028642,-0.04412575,0.055333403,0.014787375,1.228067505
Peg 7,17/03/2016,1844897.386,5596315.615,399.1405988,0.028271173,0.035199,0.0160265,0.032497814,0.009974577,1.172734102
Peg 7,7/12/2015,1844897.407,5596315.633,399.1245723,0.496426147,0.016,0.2980265,0.579015297,0.263962856,1.140236287
Peg 7,30/09/2015,1844897.862,5596315.435,398.8265458,0.485226751,0.021,-0.282,0.56122099,0.195481469,0.56122099
Peg 7,3/07/2015,1844897.428,5596315.652,399.1085458,,,,,,
Peg 8,18/12/2019,0,0,0,,,,,,
Peg 8,9/10/2018,0,0,0,,,,,,
Peg 8,27/03/2018,0,0,0,,,,,,
Peg 8,11/10/2017,1844684.853,5596191.572,402.940712,0.114243812,0.033951,-0.078053,0.138361553,0.041242386,0.73445931
Peg 8,29/06/2017,1844684.867,5596191.685,403.018765,0.07248749,0.035339,0.061599,0.095125564,0.029196955,0.596097757
Peg 8,20/03/2017,1844684.886,5596191.755,402.957166,0.020821376,0.032108,-0.034402,0.040212278,0.012985215,0.500972193
Peg 8,14/12/2016,1844684.877,5596191.774,402.991568,0.075497167,0.023733,0.008967,0.07602782,0.045324277,0.460759915
Peg 8,23/10/2016,1844684.875,5596191.85,402.982601,0.137839743,0.036855,-0.035755,0.142401597,0.04244663,0.384732095
Peg 8,11/07/2016,1844684.931,5596191.976,403.018356,0.083665136,0.028645,-0.02744675,0.088052139,0.023531175,0.242330498
Peg 8,17/03/2016,1844684.926,5596192.059,403.0458028,0.036187837,0.036247,-0.0107695,0.037756346,0.011588582,0.154278359
Peg 8,7/12/2015,1844684.925,5596192.095,403.0565723,0.002145516,0.016,0.0100265,0.010253484,0.004674383,0.116522013
Peg 8,30/09/2015,1844684.927,5596192.095,403.0465458,0.099984999,0.021,-0.036,0.106268528,0.037014881,0.106268528
Peg 8,3/07/2015,1844684.941,5596192.194,403.0825458,,,,,,
Peg 9,18/12/2019,0,0,0,,,,,,
Peg 9,9/10/2018,0,0,0,,,,,,
Peg 9,27/03/2018,1844488.302,5596189.762,400.874384,0.275923032,0.027968,-0.130456,0.305208596,0.056655488,1.293929957
Peg 9,11/10/2017,1844488.488,5596189.965,401.00484,0.185683862,0.033282,-0.094252,0.20823529,0.062070134,0.988721361
Peg 9,29/06/2017,1844488.497,5596190.151,401.099092,0.102270338,0.036084,0.042283,0.110666499,0.033966945,0.780486071
Peg 9,20/03/2017,1844488.537,5596190.245,401.056809,0.042218653,0.032298,-0.036962,0.056112424,0.018119637,0.669819571
Peg 9,14/12/2016,1844488.525,5596190.285,401.093771,0.093300234,0.023532,0.016614,0.09476792,0.05649626,0.613707148
Peg 9,23/10/2016,1844488.571,5596190.366,401.077157,0.174821169,0.035446,-0.033687,0.17803723,0.05306879,0.518939228
Peg 9,11/07/2016,1844488.575,5596190.541,401.110844,0.120776543,0.025624,-0.03414875,0.125511396,0.033541839,0.340901998
Peg 9,17/03/2016,1844488.621,5596190.653,401.1449928,0.04063327,0.034312,-0.0395795,0.056723888,0.017410302,0.215390602
Peg 9,7/12/2015,1844488.596,5596190.684,401.1845723,0.024822877,0.015,0.0030265,0.025006698,0.011400112,0.158666715
Peg 9,30/09/2015,1844488.586,5596190.707,401.1815458,0.132698908,0.022,-0.016,0.133660017,0.046555736,0.133660017
Peg 9,3/07/2015,1844488.621,5596190.835,401.1975458,,,,,,
Peg 10,18/12/2019,1844340.192,5596228.826,405.794404,0.111482415,0.017464,-0.02444,0.114129936,0.008133398,0.78538504
Peg 10,9/10/2018,1844340.243,5596228.925,405.818844,0.107128014,0.026652,-0.041392,0.114846458,0.018164491,0.671255103
Peg 10,27/03/2018,1844340.258,5596229.031,405.860236,0.08192176,0.027176,-0.004481,0.082044221,0.015229766,0.556408645
Peg 10,11/10/2017,1844340.264,5596229.112,405.864717,0.0445194,0.033365,-0.058696,0.073669515,0.021959182,0.474364424
Peg 10,29/06/2017,1844340.266,5596229.157,405.923413,0.036293362,0.044109,0.051979,0.063395777,0.01945811,0.40069491
Peg 10,20/03/2017,1844340.282,5596229.189,405.871434,0.004952796,0.030383,-0.005402,0.007328833,0.002366602,0.337299133
Peg 10,14/12/2016,1844340.28,5596229.194,405.876836,0.064681243,0.02501,0.012034,0.065791187,0.039221669,0.3299703
Peg 10,23/10/2016,1844340.3,5596229.255,405.864802,0.075881446,0.031968,-0.015745,0.077497734,0.023100286,0.264179113
Peg 10,11/07/2016,1844340.301,5596229.331,405.880547,0.047515909,0.027913,-0.01263975,0.049168332,0.013139813,0.186681378
Peg 10,17/03/2016,1844340.323,5596229.373,405.8931868,0.044327326,0.040365,-0.0183855,0.047988941,0.014729279,0.137513046
Peg 10,7/12/2015,1844340.28,5596229.38,405.9115723,0.032460795,0.022,0.0290265,0.043545849,0.019851784,0.089524105
Peg 10,30/09/2015,1844340.299,5596229.354,405.8825458,0.039217343,0.017,-0.024,0.045978256,0.016014898,0.045978256
Peg 10,3/07/2015,1844340.312,5596229.391,405.9065458,,,,,,
Peg 11,18/12/2019,1844395.194,5596015.11,389.428943,1.106581199,0.029895,-0.303295,1.147392612,0.081768209,4.996209402
Peg 11,9/10/2018,1844395.07,5596016.209,389.732238,0.750039569,0.0419,-0.20934,0.778705715,0.123162639,3.84881679
Peg 11,27/03/2018,1844394.987,5596016.955,389.941578,0.51551893,0.050751,-0.046452,0.51760753,0.096082835,3.070111075
Peg 11,11/10/2017,1844394.93,5596017.467,389.98803,0.504427912,0.038014,-0.175747,0.534167134,0.159222896,2.552503545
Peg 11,29/06/2017,1844394.842,5596017.964,390.163777,0.282514176,0.040737,0.005282,0.282563549,0.086727426,2.018336411
Peg 11,20/03/2017,1844394.797,5596018.243,390.158495,0.534380222,0.042842,0.011739,0.534509145,0.172601911,1.735772862
Peg 11,14/12/2016,1844395.118,5596018.67,390.146756,0.370935021,1.00807,-0.046839,0.373880571,0.222890341,1.201263718
Peg 11,23/10/2016,1844394.786,5596018.506,390.193595,0.460925357,0.032913,-0.147981,0.484097677,0.144298346,0.827383146
Peg 11,11/07/2016,1844394.716,5596018.962,390.341576,0.192853516,0.035075,-0.10174475,0.21804695,0.058271168,0.343285469
Peg 11,17/03/2016,1844394.731,5596019.154,390.4433208,0.124113554,0.068407,0.0167485,0.125238519,0.038439545,0.125238519
Peg 11,7/12/2015,1844394.695,5596019.272,390.4265723,,,,,,
Peg 11,30/09/2015,0,0,0,,,,,,
Peg 11,3/07/2015,1844394.679,5596019.614,390.4935458,,,,,,
Peg 12,18/12/2019,1844569.51,5596015.778,397.174687,0.928814289,0.02756,-0.380748,1.003825195,0.071536968,3.934253649
Peg 12,9/10/2018,1844569.62,5596016.701,397.555435,0.621044072,0.030291,-0.245529,0.667817512,0.105624198,2.930428454
Peg 12,27/03/2018,1844569.703,5596017.316,397.800964,0.37069708,0.041902,-0.158988,0.403352835,0.07487388,2.262610942
Peg 12,11/10/2017,1844569.765,5596017.681,397.959952,0.36032263,0.034409,-0.215855,0.420030688,0.125201455,1.859258107
Peg 12,29/06/2017,1844569.831,5596018.036,398.175807,0.258455912,0.052274,-0.038051,0.261241913,0.080183161,1.439227419
Peg 12,20/03/2017,1844569.862,5596018.292,398.213858,0.095640964,0.035613,-0.056977,0.111326423,0.035949158,1.177985507
Peg 12,14/12/2016,1844569.859,5596018.388,398.270835,0.098480385,0.026123,-0.015857,0.099748838,0.059465653,1.066659083
Peg 12,23/10/2016,1844569.889,5596018.481,398.286692,0.370187366,0.029122,-0.168301,0.406649619,0.121212867,0.966910246
Peg 12,11/07/2016,1844569.966,5596018.844,398.454993,0.140956524,0.035379,-0.00018775,0.140956649,0.037669449,0.560260627
Peg 12,17/03/2016,1844569.942,5596018.983,398.4551808,0.107206278,0.043326,-0.0663915,0.126099236,0.038703726,0.419303978
Peg 12,7/12/2015,1844569.969,5596019.086,398.5215723,0.065394305,0.016,-0.0309735,0.072358641,0.032987027,0.293204742
Peg 12,30/09/2015,1844569.993,5596019.147,398.5525458,0.202987686,0.013,-0.087,0.220846102,0.076923923,0.220846102
Peg 12,3/07/2015,1844570.013,5596019.349,398.6395458,,,,,,
Peg 13,18/12/2019,1844675.811,5595951.666,392.024192,0.633029323,0.027511,-0.105384,0.641741312,0.045733289,2.607478371
Peg 13,9/10/2018,1844675.892,5595952.294,392.129576,0.410106484,0.030723,-0.034835,0.411583291,0.065097357,1.965737059
Peg 13,27/03/2018,1844675.942,5595952.701,392.164411,0.25117987,0.029778,-0.048971,0.255909136,0.047504091,1.554153767
Peg 13,11/10/2017,1844676.007,5595952.944,392.213382,0.221880236,0.035834,-0.07618,0.234593758,0.069926986,1.298244631
Peg 13,29/06/2017,1844676.033,5595953.164,392.289562,0.145319798,0.036048,0.05289,0.154645387,0.047465416,1.063650873
Peg 13,20/03/2017,1844676.05,5595953.308,392.236672,0.069505973,0.037174,-0.032349,0.076665103,0.02475644,0.909005486
Peg 13,14/12/2016,1844676.064,5595953.377,392.269021,0.084913722,0.03007,0.00672,0.085179214,0.050779916,0.832340383
Peg 13,23/10/2016,1844676.087,5595953.458,392.262301,0.227340993,0.03244,-0.031128,0.229462153,0.068397373,0.747161169
Peg 13,11/07/2016,1844676.113,5595953.684,392.293429,0.124294157,0.025586,-0.01497875,0.125193452,0.033456871,0.517699016
Peg 13,17/03/2016,1844676.147,5595953.804,392.3084078,0.059605199,0.029603,-0.0331645,0.068210437,0.020935877,0.392505564
Peg 13,7/12/2015,1844676.138,5595953.862,392.3415723,0.0479016,0.016,0.0170265,0.050837633,0.02317598,0.324295126
Peg 13,30/09/2015,1844676.163,5595953.903,392.3245458,0.273411778,0.016,-0.005,0.273457493,0.095249239,0.273457493
Peg 13,3/07/2015,1844676.178,5595954.176,392.3295458,,,,,,
Peg 14,18/12/2019,1844387.38,5595873.439,381.389906,2.452943195,0.026579,-0.212098,2.462095831,0.175459703,11.30181081
Peg 14,9/10/2018,1844386.718,5595875.801,381.602004,1.827535865,0.032063,-0.363338,1.863304012,0.294706247,8.839714983
Peg 14,27/03/2018,1844386.266,5595877.572,381.965342,1.268814629,0.025013,-0.375012,1.323073907,0.245600546,6.976410971
Peg 14,11/10/2017,1844385.94,5595878.798,382.340354,1.284615629,0.033629,-0.580583,1.409721226,0.420205365,5.653337064
Peg 14,29/06/2017,1844385.65,5595880.05,382.920937,0.78924718,0.034045,-0.129966,0.79987641,0.245506621,4.243615838
Peg 14,20/03/2017,1844385.477,5595880.82,383.050903,0.369821764,0.032267,-0.107633,0.385166198,0.124376585,3.443739428
Peg 14,14/12/2016,1844385.388,5595881.179,383.158536,0.398912751,0.031374,-0.130889,0.419837246,0.250287589,3.05857323
Peg 14,23/10/2016,1844385.314,5595881.571,383.289425,0.973876382,0.050748,-0.231109,1.000922863,0.298352007,2.638735984
Peg 14,11/07/2016,1844385.159,5595882.532,383.520534,0.366960801,0.051277,-0.00894475,0.3670698,0.09809624,1.637813121
Peg 14,17/03/2016,1844385.042,5595882.88,383.5294788,0.331267405,0.027366,-0.0680935,0.338193462,0.103801954,1.270743321
Peg 14,7/12/2015,1844384.948,5595883.197,383.5975723,0.3251544,0.015,-0.0629735,0.331196385,0.150986587,0.932549858
Peg 14,30/09/2015,1844384.879,5595883.515,383.6605458,0.588430115,0.017,-0.124,0.601353474,0.209460199,0.601353474
Peg 14,3/07/2015,1844384.754,5595884.09,383.7845458,,,,,,
Peg 15,18/12/2019,1844190.049,5596021.041,395.807336,0.126123529,0.025617,-0.082134,0.150509596,0.010725971,0.882975625
Peg 15,9/10/2018,1844190.002,5596021.157,395.88947,0.175608027,0.036765,-0.044718,0.181212248,0.028661121,0.732466029
Peg 15,27/03/2018,1844189.961,5596021.328,395.934188,0.064885715,0.02675,-0.044472,0.0786633,0.01460217,0.551253782
Peg 15,11/10/2017,1844189.944,5596021.391,395.97866,0.114191569,0.033741,-0.054825,0.126670813,0.037757646,0.472590481
Peg 15,29/06/2017,1844189.922,5596021.503,396.033485,0.035839782,0.031213,0.071106,0.079627591,0.024440152,0.345919668
Peg 15,20/03/2017,1844189.932,5596021.537,395.962379,0.020669043,0.033388,-0.032458,0.038480269,0.01242592,0.266292077
Peg 15,14/12/2016,1844189.911,5596021.535,395.994837,0.058746292,0.021352,0.008175,0.059312372,0.035359299,0.227811808
Peg 15,23/10/2016,1844189.917,5596021.594,395.986662,0.090008279,0.030644,-0.015442,0.091323303,0.027221369,0.168499436
Peg 15,11/07/2016,1844189.924,5596021.684,396.002104,0.039438505,0.02264,0.00199325,0.039488843,0.010553053,0.077176132
Peg 15,17/03/2016,1844189.925,5596021.723,396.0001108,0.025810807,0.031572,-0.0274615,0.037687289,0.011567386,0.037687289
Peg 15,7/12/2015,1844189.907,5596021.741,396.0275723,,,,,,
Peg 15,30/09/2015,0,0,0,,,,,,
Peg 15,3/07/2015,0,0,0,,,,,,
Peg 17,18/12/2019,1844522.292,5595809.251,366.318953,4.197384487,0.028281,-0.971471,4.30833987,0.307031117,12.63558408
Peg 17,9/10/2018,1844522.773,5595813.421,367.290424,2.740810439,0.038584,-0.652954,2.817515002,0.445627373,8.327244212
Peg 17,27/03/2018,1844523.046,5595816.148,367.943378,1.851353143,0.033484,-0.258177,1.869268259,0.346989916,5.50972921
Peg 17,11/10/2017,1844523.176,5595817.995,368.201555,1.758158123,0.03554,-0.347011,1.792076064,0.534176519,3.640460952
Peg 17,29/06/2017,1844523.253,5595819.751,368.548566,1.206518716,0.043724,-0.11583,1.212066005,0.372020259,1.848384888
Peg 17,20/03/2017,1844523.298,5595820.957,368.664396,0.62973257,0.044747,-0.091316,0.636318883,0.205477973,0.636318883
Peg 17,14/12/2016,1844523.32,5595821.586,368.755712,,,,,,
Peg 17,23/10/2016,0,0,0,,,,,,
Peg 17,11/07/2016,1844523.386,5595823.645,369.08439,0.688899457,0.027965,-0.08211375,0.693775994,0.185405654,1.308254421
Peg 17,17/03/2016,1844523.405,5595824.333,369.1665038,0.602231699,0.03058,-0.1220685,0.614478427,0.18860229,0.614478427
Peg 17,7/12/2015,1844523.398,5595824.935,369.2885723,,,,,,
Peg 17,30/09/2015,0,0,0,,,,,,
Peg 17,3/07/2015,0,0,0,,,,,,
Peg 18,18/12/2019,1844707.422,5595724.775,375.661059,0.586280057,0.025837,-0.086444,0.592618655,0.042232594,1.656855357
Peg 18,9/10/2018,1844707.585,5595725.339,375.747503,0.363703898,0.03215,-0.087198,0.374010717,0.059154756,1.064236702
Peg 18,27/03/2018,1844707.705,5595725.682,375.834701,0.24621349,0.037138,-0.070696,0.256162072,0.047551043,0.690225985
Peg 18,11/10/2017,1844707.778,5595725.917,375.905397,0.184101522,0.038833,-0.115967,0.217581515,0.064856028,0.434063913
Peg 18,29/06/2017,1844707.845,5595726.089,376.021364,0.142663945,0.049982,0.044696,0.149501617,0.045886635,0.216482399
Peg 18,20/03/2017,1844707.882,5595726.226,375.976668,0.05801421,0.035751,-0.033478,0.066980781,0.021629211,0.066980781
Peg 18,14/12/2016,1844707.912,5595726.276,376.010146,,,,,,
Peg 18,23/10/2016,0,0,0,,,,,,
Peg 18,11/07/2016,1844708.007,5595726.58,376.075416,0.116214549,0.025862,-0.00608775,0.116373889,0.031099919,0.393765627
Peg 18,17/03/2016,1844708.042,5595726.69,376.0815038,0.033176816,0.030408,-0.0450685,0.05596312,0.017176799,0.277391738
Peg 18,7/12/2015,1844708.044,5595726.723,376.1265723,0.034750414,0.017,0.0210265,0.04061656,0.018516373,0.221428618
Peg 18,30/09/2015,1844708.06,5595726.754,376.1055458,0.180767807,0.016,-0.004,0.180812058,0.062979481,0.180812058
Peg 18,3/07/2015,1844708.109,5595726.928,376.1095458,,,,,,
Peg 19,18/12/2019,1844642.521,5595684.747,357.654439,1.713702777,0.029786,-0.699269,1.850879343,0.131901746,5.301100298
Peg 19,9/10/2018,1844643.523,5595686.137,358.353708,1.125668063,0.035551,-0.443597,1.209920199,0.191364929,3.450220955
Peg 19,27/03/2018,1844644.204,5595687.034,358.797305,0.690053175,0.041085,-0.317253,0.759488545,0.140982904,2.240300756
Peg 19,11/10/2017,1844644.629,5595687.577,359.114558,0.682938556,0.040025,-0.417638,0.800516439,0.238615477,1.480812211
Peg 19,29/06/2017,1844645.049,5595688.116,359.532196,0.434554548,0.048127,-0.137845,0.455893517,0.139927713,0.680295771
Peg 19,20/03/2017,1844645.372,5595688.407,359.670041,0.198268938,0.038238,-0.105099,0.224402254,0.072463228,0.224402254
Peg 19,14/12/2016,1844645.479,5595688.573,359.77514,,,,,,
Peg 19,23/10/2016,0,0,0,,,,,,
Peg 19,11/07/2016,1844646.041,5595689.23,360.207386,0.300489881,0.022419,-0.15468675,0.337967689,0.090318951,1.572607511
Peg 19,17/03/2016,1844646.255,5595689.441,360.3620728,0.24726421,0.029138,-0.1164995,0.273334452,0.083894733,1.234639822
Peg 19,7/12/2015,1844646.41,5595689.634,360.4785723,0.267965997,0.02,-0.2179735,0.345424698,0.157473024,0.961305369
Peg 19,30/09/2015,1844646.618,5595689.803,360.6965458,0.550072723,0.017,-0.277,0.615880671,0.214520234,0.615880671
Peg 19,3/07/2015,1844646.966,5595690.229,360.9735458,,,,,,
Peg 20,18/12/2019,1844629.363,5595607.654,331.710596,3.000284851,0.035746,-0.840733,3.1158532,0.222049308,5.088882293
Peg 20,9/10/2018,1844629.444,5595610.654,332.551329,1.910437936,0.033084,-0.493022,1.973029093,0.312060724,1.973029093
Peg 20,27/03/2018,1844629.417,5595612.564,333.044351,,,,,,
Peg 20,11/10/2017,0,0,0,,,,,,
Peg 20,29/06/2017,1844629.355,5595614.813,333.581964,0.809229411,0.052288,-0.296685,0.861901519,0.264544031,1.172090335
Peg 20,20/03/2017,1844629.304,5595615.621,333.878649,0.287924702,0.048125,-0.115397,0.310188816,0.100165139,0.310188816
Peg 20,14/12/2016,1844629.268,5595615.906,333.994046,,,,,,
Peg 20,23/10/2016,0,0,0,,,,,,
Peg 20,11/07/2016,1844629.243,5595617.381,334.446415,0.540159896,0.036313,-0.25115375,0.595693646,0.159193992,2.676306964
Peg 20,17/03/2016,1844629.226,5595617.921,334.6975688,0.383426378,0.023694,-0.1920035,0.428813633,0.131616066,2.080613318
Peg 20,7/12/2015,1844629.189,5595618.302,334.8895723,0.540749553,0.021,-0.2329735,0.588801096,0.268424029,1.651799686
Peg 20,30/09/2015,1844629.235,5595618.841,335.1225458,1.014004439,0.016,-0.319,1.06299859,0.370257936,1.06299859
Peg 20,3/07/2015,1844629.313,5595619.852,335.4415458,,,,,,
Peg 21,18/12/2019,1844500.215,5595530.201,304.42494,14.62924964,0.020539,-4.703089,15.36665191,1.095094734,47.26645916
Peg 21,9/10/2018,1844492.342,5595542.531,309.128029,6.877647691,0.026354,-1.158762,6.974580068,1.103122358,31.89980724
Peg 21,27/03/2018,1844489.118,5595548.606,310.286791,3.046104652,0.029095,-0.222686,3.054233555,0.566953534,24.92522718
Peg 21,11/10/2017,1844487.756,5595551.331,310.509477,4.766290808,0.03869,-0.870118,4.845062786,1.444201407,21.87099362
Peg 21,29/06/2017,1844485.649,5595555.606,311.379595,3.147984409,0.032588,-0.471313,3.183071125,0.976982226,17.02593084
Peg 21,20/03/2017,1844484.381,5595558.487,311.850908,0.715281023,0.054443,-0.004861,0.715297541,0.230981497,13.84285971
Peg 21,14/12/2016,1844484.127,5595559.156,311.855769,1.090481242,0.029167,-0.032077,1.09095292,0.650375779,13.12756217
Peg 21,23/10/2016,1844483.709,5595560.163,311.887846,3.205901987,0.032019,-0.361515,3.2262208,0.961661969,12.03660925
Peg 21,11/07/2016,1844482.483,5595563.125,312.249361,1.075405881,0.030707,-0.02286575,1.075648945,0.287457908,8.810388451
Peg 21,17/03/2016,1844482.122,5595564.138,312.2722268,1.182811401,0.030206,-0.8203455,1.439447654,0.441810666,7.734739506
Peg 21,7/12/2015,1844483.218,5595564.583,313.0925723,2.863564588,0.019,0.6600265,2.938645459,1.339676606,6.295291852
Peg 21,30/09/2015,1844481.116,5595566.528,312.4325458,3.297946332,0.018,-0.625,3.356646393,1.169168968,3.356646393
Peg 21,3/07/2015,1844479.859,5595569.577,313.0575458,,,,,,
Peg 22,18/12/2019,0,0,0,,,,,,
Peg 22,9/10/2018,0,0,0,,,,,,
Peg 22,27/03/2018,1844466.281,5595443.182,301.069239,10.3992095,0.027227,-1.492437,10.50575682,1.950170428,50.25288577
Peg 22,11/10/2017,1844457.107,5595448.079,302.561676,9.836719689,0.030688,-0.861208,9.874347242,2.943315043,39.74712895
Peg 22,29/06/2017,1844448.518,5595452.874,303.422884,6.557749655,0.030382,-0.799483,6.606304081,2.02767749,29.8727817
Peg 22,20/03/2017,1844442.832,5595456.141,304.222367,1.661473099,0.039334,-0.145521,1.66783369,0.538571296,23.26647762
Peg 22,14/12/2016,1844441.409,5595456.998,304.367888,2.474131756,0.027864,-0.228488,2.484659878,1.481239543,21.59864393
Peg 22,23/10/2016,1844439.284,5595458.265,304.596376,6.438432633,0.028823,-0.612894,6.467538467,1.927823966,19.11398405
Peg 22,11/07/2016,1844433.821,5595461.673,305.20927,2.308437825,0.041001,-0.21558975,2.318483154,0.619594636,12.64644559
Peg 22,17/03/2016,1844431.924,5595462.987,305.4248598,0.829323954,0.027968,-0.8927125,1.218488337,0.37399147,10.32796243
Peg 22,7/12/2015,1844431.841,5595463.812,306.3175723,4.429086609,0.055,0.6840265,4.481595747,2.043080414,9.109474095
Peg 22,30/09/2015,1844427.866,5595465.766,305.6335458,4.619581042,0.021,-0.277,4.627878348,1.611957627,4.627878348
Peg 22,3/07/2015,1844424.114,5595468.461,305.9105458,,,,,,
Peg 23,18/12/2019,1844378.793,5595386.177,310.733542,0.009530578,0.019868,-0.002903,0.009962898,0.00071,7.439682627
Peg 23,9/10/2018,1844378.799,5595386.184,310.736445,0.043253452,0.0299,0.031715,0.053634898,0.008483071,7.429719729
Peg 23,27/03/2018,1844378.802,5595386.228,310.70473,0.688191369,0.041009,1.081137,1.28158674,0.237899335,7.376084831
Peg 23,11/10/2017,1844378.879,5595385.544,309.623593,0.649688433,0.02176,-1.177132,1.344520288,0.400770471,6.09449809
Peg 23,29/06/2017,1844378.79,5595386.187,310.800725,0.011708344,0.038001,0.039718,0.041407787,0.012709321,4.749977802
Peg 23,20/03/2017,1844378.801,5595386.182,310.761007,0.027640634,0.030376,-0.006127,0.028311566,0.009142277,4.708570015
Peg 23,14/12/2016,1844378.789,5595386.207,310.767134,0.026920986,0.025205,0.026788,0.037978104,0.022640793,4.680258449
Peg 23,23/10/2016,1844378.815,5595386.201,310.740346,0.026356687,0.027319,-0.00935,0.027966006,0.008336021,4.642280344
Peg 23,11/07/2016,1844378.8,5595386.222,310.749696,0.019197762,0.026606,-0.00484975,0.019800862,0.00529161,4.614314339
Peg 23,17/03/2016,1844378.801,5595386.203,310.7545458,2.002361816,0.024746,-1.1260265,2.297256738,0.705098603,4.594513477
Peg 23,7/12/2015,1844380.759,5595385.783,311.8805723,2.002361816,0.031,1.1260265,2.297256738,1.047278807,2.297256738
Peg 23,30/09/2015,1844378.801,5595386.203,310.7545458,0,0.016,0,0,0,0
Peg 23,3/07/2015,1844378.801,5595386.203,310.7545458,,,,,,
Peg 24,18/12/2019,1844366.25,5595605.184,326.934787,5.262057368,0.038728,0.012494,5.262072201,0.374998249,18.14563049
Peg 24,9/10/2018,1844365.298,5595610.359,326.922293,3.879277899,0.034747,-0.080493,3.880112903,0.613691327,12.88355829
Peg 24,27/03/2018,1844364.634,5595614.181,327.002786,2.570100652,0.049793,0.024495,2.570217377,0.47710622,9.003445386
Peg 24,11/10/2017,1844364.25,5595616.723,326.978291,2.699833621,0.036446,-0.079185,2.700994603,0.80510416,6.433228009
Peg 24,29/06/2017,1844363.797,5595619.384,327.057476,1.917988799,0.044484,0.036283,1.918331955,0.588794956,3.732233406
Peg 24,20/03/2017,1844363.563,5595621.288,327.021193,0.84918336,0.756179,0.124456,0.858255017,0.277144849,1.813901451
Peg 24,14/12/2016,1844363.443,5595622.129,326.896737,0.946560231,0.039889,-0.131468,0.955646434,0.569712297,0.955646434
Peg 24,23/10/2016,1844363.322,5595623.067,327.028205,,,,,,
Peg 24,11/07/2016,0,0,0,,,,,,
Peg 24,17/03/2016,1844362.851,5595626.662,327.0110958,1.03300435,0.051246,0.0385235,1.033722423,0.31728114,4.435217725
Peg 24,7/12/2015,1844362.664,5595627.677,326.9725723,1.333730357,0.053,0.0470265,1.334559162,0.608401971,3.401495302
Peg 24,30/09/2015,1844362.538,5595629.005,326.9255458,2.064751803,0.019,-0.095,2.06693614,0.719944049,2.06693614
Peg 24,3/07/2015,1844362.246,5595631.049,327.0205458,,,,,,
Peg 25,18/12/2019,1844349.229,5595514.884,315.433661,6.044272551,0.02651,-0.287368,6.051099986,0.431227815,28.07363286
Peg 25,9/10/2018,1844346.155,5595520.088,315.721029,4.532631668,0.030267,-0.349352,4.546074863,0.719022045,22.02253288
Peg 25,27/03/2018,1844344.055,5595524.105,316.070381,2.987575001,0.034554,-0.235708,2.996858797,0.55630313,17.47645801
Peg 25,11/10/2017,1844342.728,5595526.782,316.306089,3.208201786,0.043532,-0.27619,3.220068263,0.95982804,14.47959922
Peg 25,29/06/2017,1844341.362,5595529.685,316.582279,2.240016488,0.051546,-0.101298,2.242305767,0.688232463,11.25953095
Peg 25,20/03/2017,1844340.479,5595531.743,316.683577,0.905542897,0.040388,-0.089512,0.909956228,0.293840032,9.017225187
Peg 25,14/12/2016,1844340.112,5595532.571,316.773089,1.130921767,0.039658,-0.06526,1.132803121,0.675324938,8.107268959
Peg 25,23/10/2016,1844339.659,5595533.607,316.838349,2.943411972,0.058892,-0.126366,2.946123283,0.878171363,6.974465838
Peg 25,11/07/2016,1844338.504,5595536.314,316.964715,1.286587812,0.03506,-0.06930775,1.288453244,0.344328022,4.028342555
Peg 25,17/03/2016,1844338.021,5595537.507,317.0340228,1.204352414,0.038825,-0.1675495,1.215951303,0.373212776,2.73988931
Peg 25,7/12/2015,1844337.603,5595538.636,317.2015723,1.523116673,0.035,0.0500265,1.523938007,0.694736444,1.523938007
Peg 25,30/09/2015,1844336.973,5595540.023,317.1515458,,,,,,
Peg 25,3/07/2015,0,0,0,,,,,,
Peg 26,18/12/2019,1844303.07,5595520.063,314.615097,0.056259471,0.020982,0.041796,0.070085902,0.004994627,2.514093438
Peg 26,9/10/2018,1844303.098,5595520.113,314.573301,0.045926718,0.026065,0.024666,0.052131324,0.00824526,2.444007536
Peg 26,27/03/2018,1844303.13,5595520.145,314.548635,0.019331833,0.033489,0.017344,0.025971794,0.004821112,2.391876212
Peg 26,11/10/2017,1844303.142,5595520.16,314.531291,0.230845135,0.040834,-1.006502,1.032635343,0.307804766,2.365904417
Peg 26,29/06/2017,1844302.911,5595520.159,315.537793,0.245158911,0.01,1.004684,1.034162865,0.317416325,1.333269074
Peg 26,20/03/2017,1844303.154,5595520.194,314.533109,0.014326817,0.023491,0.001325,0.014387957,0.004646111,0.299106209
Peg 26,14/12/2016,1844303.163,5595520.183,314.531784,0.023764064,0.029884,0.024691,0.034269173,0.020429699,0.284718252
Peg 26,23/10/2016,1844303.184,5595520.193,314.507093,0.027603209,0.043029,0.00449,0.027966002,0.00833602,0.250449079
Peg 26,11/07/2016,1844303.201,5595520.215,314.502603,0.00373176,0.037112,-0.00234875,0.004409383,0.00117837,0.222483077
Peg 26,17/03/2016,1844303.201,5595520.219,314.5049518,0.053623673,0.03914,0.1133795,0.125420929,0.038495533,0.218073694
Peg 26,7/12/2015,1844303.252,5595520.2,314.3915723,0.036932902,0.018,-0.0849735,0.092652765,0.042238761,0.092652765
Peg 26,30/09/2015,1844303.215,5595520.198,314.4765458,,,,,,
Peg 26,3/07/2015,0,0,0,,,,,,
Peg 27,18/12/2019,0,0,0,,,,,,
Peg 27,9/10/2018,1844185.14,5595587.574,355.908716,0.019137919,0.028532,-0.001969,0.019238942,0.003042894,0.431036258
Peg 27,27/03/2018,1844185.122,5595587.567,355.910685,0.030443063,0.026925,-0.030082,0.042798444,0.007944621,0.411797316
Peg 27,11/10/2017,1844185.15,5595587.554,355.940767,0.014810731,0.029748,-0.025523,0.029509004,0.008795953,0.368998872
Peg 27,29/06/2017,1844185.137,5595587.562,355.96629,0.031029462,0.032434,0.042371,0.052517893,0.016119353,0.339489868
Peg 27,20/03/2017,1844185.146,5595587.592,355.923919,0.029074089,0.029174,-0.02012,0.035356995,0.011417363,0.286971975
Peg 27,14/12/2016,1844185.127,5595587.57,355.944039,0.020977026,0.025981,0.019613,0.028717684,0.017120158,0.25161498
Peg 27,23/10/2016,1844185.144,5595587.581,355.924426,0.015571231,0.021738,-0.003263,0.015909444,0.004742238,0.222897296
Peg 27,11/07/2016,1844185.155,5595587.57,355.927689,0.013816366,0.034497,0.00169925,0.013920468,0.003720125,0.206987852
Peg 27,17/03/2016,1844185.159,5595587.584,355.9259898,0.033867947,0.037833,-0.0105825,0.035482772,0.010890752,0.193067384
Peg 27,7/12/2015,1844185.162,5595587.617,355.9365723,0.089393933,0.024,0.0140265,0.090487667,0.041251731,0.157584612
Peg 27,30/09/2015,1844185.223,5595587.552,355.9225458,0.067029844,0.02,0.003,0.067096945,0.023370846,0.067096945
Peg 27,3/07/2015,1844185.156,5595587.554,355.9195458,,,,,,
Peg 28,18/12/2019,1844267.603,5595680.397,334.234937,0.89996042,0.029939,-0.241432,0.931782254,0.066402873,0.931782254
Peg 28,9/10/2018,1844266.97,5595681.036,334.476369,,,,,,
Peg 28,27/03/2018,0,0,0,,,,,,
Peg 28,11/10/2017,1844265.926,5595681.965,334.665709,0.588019131,0.039691,-0.110671,0.598343186,0.178352296,0.909598961
Peg 28,29/06/2017,1844265.511,5595682.382,334.77638,0.224128864,0.046421,-0.042197,0.228066513,0.070000613,0.311255775
Peg 28,20/03/2017,1844265.364,5595682.551,334.818577,0.082937592,0.114924,0.006466,0.083189262,0.026863199,0.083189262
Peg 28,14/12/2016,1844265.286,5595682.578,334.812111,,,,,,
Peg 28,23/10/2016,0,0,0,,,,,,
Peg 28,11/07/2016,1844264.937,5595683.026,334.858894,,,,,,
Peg 28,17/03/2016,0,0,0,0,0.01,0,0,0,0
Peg 28,7/12/2015,0,0,0,0,0.01,0,0,0,0
Peg 28,30/09/2015,0,0,0,,,,,,
Peg 28,3/07/2015,1844264.46,5595683.62,334.9915458,,,,,,
